date	concept	depth	subtopics	bridges	frontiers	domain_focus	note
2026-06-13	Qi Men Dun Jia (奇門遁甲) — Mysterious Doors & Hidden Methods	quick	21 (6 clusters)	5	6	—	Parent: Bazi; chart changes every 2 hours (situational, not natal); 2,160 chart configurations (1,080 Yang + 1,080 Yin); ⚠️ contested: Destiny Reading vs Oracle QMDJ (Joey Yap birth-based vs classical event-oracle); ⚠️ school authority (4+ schools, no adjudicating standard); Solar Term timing drift methodological gap; QMDJ ↔ ZWDS confirmed as different time-granularity tools; 2 new queue entries (Q1–Q2)
2026-06-13	Zi Wei Dou Shu (紫微斗數) — Purple Star Astrology	quick	21 (6 clusters)	5	6	—	Parent: Bazi; 2 primary schools (San He 30–108 stars vs Si Hua 18 stars); ⚠️ contested: San He象 vs Si Hua數 (incompatible success criteria); ⚠️ Chen Tuan authorship disputed; recent: Si Hua authentication crisis 2025–2026; no wiki coverage exists; 5 new queue entries (Z1–Z5)
2026-06-13	Bazi (八字) — Four Pillars of Destiny	quick	28 (20 known in C:\Bazi wiki; 8 new)	6	6	—	All core subtopics already exist in C:\Bazi wiki; new topics: ZWDS, Qi Men, Mang Pai, Date Selection, Compatibility, Health×TCM, AI/LLM; ⚠️ contested: DM Strength vs Pattern (irreconcilable schools); ⚠️ Mang Pai vs Zi Ping accuracy (no comparison study); recent: arXiv 2025-26 LLM benchmarks (32–37% on professional problems); practitioner–academic non-falsifiability divide
2026-06-13	non-maturity deposits	quick	14	5	5	—	First run; session initialised; 4 clusters (account types, segmentation, modelling, risk); contested claim: BCBS WP47 vs ECB WP3140 on digital fragility; EBA 2026 repricing cap conditions as recent development
2026-06-13	deposit beta / rate passthrough	deep	12	5	7	Thai banking	8 parallel knowledge-expander nodes; 4 clusters; confirmed relationship with [[non-maturity-deposits]]; 2 contested claims (linear vs non-linear beta; asymmetry direction); Thai natural experiments: Dec 2024 BOT cut → 20-40% passthrough; Lerner Index 0.36-0.60; no published Thai product-level beta coefficients
2026-06-13	bank profile rating	quick	15	5	6	—	4 clusters (supervisory, external credit, agency methodologies, quantitative inputs); contested claim: post-GFC rating stringency divergence across agencies; recent: FFIEC 2026 CAMELS overhaul proposal + S&P Dec 2024 climate risk integration; no domain flag
2026-06-13	CAMELS rating system	deep	16	5	7	Thai banking	10 parallel knowledge-expander nodes; 4 clusters; 4 confirmed relationships with [[non-maturity-deposits]] and [[deposit-beta]] via L and S components; key Thai data: CAR 21.3%, NPL 2.84%, NIM 2.54%, ROA 0.94%; contested claims: process vs. financial risk focus; CAMELS disclosure debate; FFIEC 2026 overhaul (May 19, comment deadline Aug 17)
2026-06-13	BICRA / Operating Environment	quick	11	5	5	—	4 clusters; Thailand Group 7 (downgraded March 2022 — high household debt ~90% GDP); Anchor SACP cascade mechanism confirmed; Moody's Macro Profile + Fitch Operating Environment equivalents; ⚠️ contested: Group 7 possibly stale given 2025 NPL improvement + BOT CAR 21.3%; 5 bridges; confirmed relationship [[bicra]] → [[bank-profile-rating]]; 2 new frontier queue entries: Government Support Assessment + Sovereign Rating/Country Ceiling
2026-06-13	Standalone Credit Assessment (BCA/SACP/VR)	deep	15	5	5	Thai banking	4 clusters; 9 subagents launched but hit session rate limit — research completed via direct WebSearch; BBL BCA baa1 = Thai sovereign ceiling (no uplift); KTB/TTB/EXIM IDR driven by GSR not VR; KBANK/KTB VR bbb-; Anchor SACP ≈ bb/bb+ for Group 7; ⚠️ contested: has TBTF uplift been genuinely removed post-TLAC?; 5 confirmed relationships added; 3 new frontier queue entries: TLAC/bail-in, LGF Analysis, Sovereign Rating/Country Ceiling
2026-06-13	Deposit Research (as a Field)	quick	16	5	5	Deposit Research vault	4 clusters; Deposit Research vault gap analysis (82 pages, 32 institution profiles); 9 [known] subtopics in vault; 7 NEW gap subtopics identified; ⚠️ contested: does DI reduce bank failures? Northern Rock/SVB 2024 paper inverts received wisdom; recent dev: 2024-2025 push for unlimited DI (US academics + Oxford Law 2025); 7 new frontier queue entries prepended; Deposit Franchise Value queue entry subsumed into priority 2
2026-06-13	Depositor Segmentation (dedicated analysis)	quick	16	5	5	Thai DPA	4 clusters (customer-type / behavioral stability / regulatory coverage / channel+ecosystem); ⚠️ contested: digital adoption increases OR decreases stickiness (FDIC Koont 2024 vs. ecosystem loyalty camp); recent dev: FDIC 2024 digital depositors exit 23% faster in stress; 3 new score-10 nodes (digital-branch bifurcation, ecosystem stickiness, HNW dynamics); frontier queue rewritten to 25 items; removed from queue (expanded)
2026-06-13	Virtual Bank Entry — Unpriced Structural Break	quick	16	5	6	Thai banking	4 clusters; CLICX App launch 6 days away (19 Jun 2026); KakaoBank Korea precedent (26.7M customers, KRW 60T deposits, winner-take-most outcome); ⚠️ CLICX targeting paradox (unbanked claim vs Korea evidence = primarily banked youth); ⚠️ KTB self-competition (41% CLICX owner); 5 relationships added (4 speculative); practitioner–regulator 12-18 month model error window identified; 4 new high-priority frontier queue entries (KakaoBank study score 11, DFV erosion score 11, NMD recalibration triggers score 10, BOT supervisory response score 10)
2026-06-13	KakaoBank Korea — Incumbent Deposit Impact Study	quick	16	5	6	Korean banking → Thai banking inference	8 parallel knowledge-expander nodes; 4 clusters; confirmed KakaoBank targeted already-banked urban 20–40 cohort NOT unbanked (empirically invalidates CLICX "63% unbanked" claim); K Bank near-failure 2025 from Upbit deposit concentration (Score 11 new frontier); KakaoBank 2024-25 pivot: interest income –3.1%, non-interest +26.7%; 3 confirmed + 2 speculative relationships with [[virtual-bank-entry-structural-break]], [[deposit-beta]], [[non-maturity-deposits]]; ⚠️ contested: K Bank failure as model invalidation vs. idiosyncratic risk; ⚠️ CLICX unbanked claim vs. Korea evidence; 5 frontier queue entries added (K Bank concentration risk score 11, CLICX addressable market score 8, platform monetisation score 7, DiD methodology score 7, DFV elevated to score 11)
2026-06-13	K Bank — Neobank Deposit Concentration Risk	quick	16	5	6	Korean banking → Thai banking inference	4 clusters; peak Upbit concentration 24% (KRW 7T / KRW 28.57T); NIM collapse 2.4%→1.4% (2023–2025) from Virtual Asset User Protection Act forcing 0.1%→2.1% deposit rate; 3 IPO failures (2022–2025), listed Kospi March 2026; ⚠️ Hana Bank $670M Dunamu stake May 2026 = live threat to K Bank Upbit partnership; ⚠️ contested: idiosyncratic (crypto-specific) vs. generalizable concentration risk; 4 confirmed + 2 speculative relationships; 3 new frontier queue entries (Regulatory Design score 11, Hana/Dunamu scenario score 10, VAUPA deposit repricing score 9); CLICX-AIS/OR ownership is single-channel concentration analogue
2026-06-13	BaZi × AI / LLM Benchmarking	quick	6	3	5	—	Parent: Bazi; arXiv 2510.23337 + 2602.12889; China AI metaphysics market ¥12B (2024); Health-LLM Agent 81% accuracy; ⚠️ contested: AI benchmark ground truth is school-dependent; symbol grounding gap as AI capability probe; 2 next-topic nodes queued
2026-06-13	Mang Pai (盲派) — Blindman School	quick	7	3	5	—	Parent: Bazi; oral transmission by blind practitioners; imagery (象法) + poems (口訣) + special techniques (斷命秘訣); ⚠️ contested: rejects all Zi Ping vs. Li Fa + Xiang Fa + Ji Fa three-method foundation; no comparative accuracy study exists; 2 next-topic nodes queued
2026-06-13	Date Selection (擇日 / Zeri)	quick	8	3	5	—	Parent: Bazi + QMDJ; Tong Shu almanac + 28 Mansions + 12-day Yi-Jian-Po-Cheng cycle + Shen Sha + personal Bazi personalization layer; ⚠️ contested: generic Tong Shu vs. personalized reading; Dong Gong method as most sophisticated; 2 next-topic nodes queued
2026-06-13	Bazi Health × Five Elements × TCM	quick	8	3	5	—	Parent: Bazi; Five Elements → organ correspondence (Wood=Liver, Fire=Heart, Earth=Spleen, Metal=Lung, Water=Kidney); Luck Pillar decade timing; Health-LLM Agent (ResearchGate 2024) 81% accuracy; ⚠️ contested: constitutional map vs. unfalsifiable retroactive fit; birth time accuracy critical
2026-06-13	Compatibility Analysis (合盤)	quick	9	3	5	—	Parent: Bazi; 6 methods: Day Branch/Spouse Palace, DM comparison, EB interactions, UG complementarity, chart quality, 神煞; ⚠️ contested: DM-only is "wrong way" (masterseanchan.com); ⚠️ chart quality gating is school-dependent; AI calculators encode undisclosed rules; 2 next-topic nodes queued
2026-06-14	tong-shu	quick	10	4	5	Chinese metaphysics	Parent: date-selection-zeri; foundational almanac for all date selection; 28 Mansions + 12-Day Officer cycle + Shen Sha + Hour Stars; aW️ generic vs personalized debate; aW️ conflicting methods produce zero auspicious hours; precession drift in mansion calculation; 3 new frontier queue entries (B17, B18, B19)
2026-06-14	si-hua-flying-star	quick	8	4	5	Chinese metaphysics	Parent: zi-wei-dou-shu; Northern School ZWDS; 18 stars + 4 transformations (Lu/Quan/Ke/Ji); 10-Stem activation tables; chain reaction palace readings; aW️ San He vs Si Hua output-type conflict; aW️ lineage authentication crisis 2025-26; 2 new frontier queue entries (Z2, Z3)
2026-06-14	single-counterparty-deposit-concentration	quick	14	4	5	Thai banking	Basel LE asymmetry (25% credit limit vs. no deposit-side cap); K Bank/Upbit peaked 24%/current 18.4%; CLICX/AIS-OR as structural concentration from launch; ⚠️ contested: regulatory cap warranted vs. self-regulation camp; recent: Hana Bank $670M Dunamu stake May 2026 = live K Bank partnership cliff; 3 new frontier queue entries (Credit-Deposit Regulatory Symmetry score 11, CLICX Deposit Funding Structure score 10, BOT Liquidity Framework score 10); 7 depositor-segmentation sub-items removed from queue (wiki pages created 2026-06-14)
2026-06-14	credit-to-deposit-concentration-regulatory-symmetry	quick	14	4	5	regulatory / Thai banking	Basel LEX 25% Tier 1 credit cap has no deposit-side analogue; SVB (2023) = empirical proof; FSB 2024 Annual Report flags deposit vulnerability metrics gap; ⚠️ contested: hard cap warranted vs. self-regulation camp (KTB Paotang government deposits would violate 25% cap); Korea FSC raised DI coverage Sep 2025 citing internet bank concentration; 4 cross-domain bridges (insurance cession concentration, HHI, antitrust, ISDA margin); 3 new frontier queue entries (DI premium risk-differentiation score 11, Synapse/FDIC 2024 score 10, FSB vulnerability metrics score 9)
2026-06-14	deposit-insurance-premium-risk-differentiation	quick	16	4	5	Thai banking / DPA policy	DPA Act B.E. 2551 already authorizes differential rates by Royal Decree — 18 years unused; uninsured deposit share vs. single-entity concentration = distinct unmeasured metrics (key finding); FDIC 5–32 bps scorecard; IADI 58% global adoption; India April 2026 = freshest comparable; ⚠️ contested: risk-based premiums reduce moral hazard vs. too small to change behavior; actuarial pricing impossible (no historical loss database for deposit concentration); premium vs. hard cap = complements not substitutes; 2 new queue entries (Uninsured Share vs. Concentration score 11, DPA legislative authority score 11)
2026-06-14	uninsured-share-vs-concentration-distinct-metrics	quick	14	4	5	regulatory / Thai banking	Core finding: UDS (DI fund exposure) and SEDC (run velocity) are distinct metrics conflated in all post-SVB reform proposals; CLICX paradox = low UDS + high SEDC + zero regulatory coverage; behavioral correlation among insured depositors is unmeasured; FDIC 2024 RFI first step toward separating metrics; St. Louis Fed Apr 2026: US UDS returning to pre-pandemic levels while SEDC structurally rising from BaaS/neobank growth; ⚠️ contested: UDS+SEDC must be separately regulated vs. LCR/ILAAP sufficient; 2 new high-priority queue entries (Behavioral Deposit Correlation score 11, CLICX Paradox score 11)
2026-06-14	clicx-paradox-insured-correlated	quick	10	5	5	Thai banking	CLICX (KTB+AIS+OR) licensed May 14 2026; app launch June 19 2026; UDS≈0% (all retail insured) + SEDC=high (AIS platform = single run-coordination channel) + zero regulatory coverage; FSB Oct 2024: insured depositors run at 34.5% assuming independence — assumption invalid under platform correlation; BOT LCR classifies AIS deposits as 'stable retail' (3-5% run-off) vs actual potential >81%; DPA UDS metric = blind spot; ⚠️ contested: whether DI eliminates coordination incentive when coordination mechanism = acquisition channel (untested); 3 new frontier queue entries prepended (Platform Notification score 11, SEDC Metric Design score 11, NMD Calibration score 11); BOT-NBTC MOU gap identified as cross-regulator bridge
2026-06-14	behavioral-deposit-correlation-insured	quick	10	5	5	Thai banking	Core finding: platform notification pre-synchronizes depositor beliefs BEFORE individual rational updating — D&D insurance dominant strategy fails under platform synchronization; arXiv 2602.15066 (Feb 2025) = primary anchor (LLM depositor agent-based model; communication correlation = distinct exposure channel); Cookson et al. 2025 = SVB /10hr empirical anchor; ECB Supervisory Priorities 2026-28 flags NMD behavioral assumption review; ⚠️ contested: does insurance eliminate coordination motive under platform synchronization (D&D says yes; arXiv 2602.15066 says no — mechanism bypasses individual updating); 3 new frontier queue items (D&D extension score 11, PCC metric score 11, LCR 30-day score 10)
2026-06-14	institution-profile	deep	12 (6 clusters)	4	6	Thai banking / DPA policy	6 parallel subagent reports (FSA, BMF, OGS, RSS, DPD, RPA); FFIEC CAMELS Management Reform proposed May 2026, comment Aug 17, 2026 (live); SCOR/Canary/Outlier statistical CAMELS alternatives; TFRS9→DPA surveillance bridge (non-obvious cross-domain); resolution readiness gap confirmed vs IADI Sep 2025 CP; ⚠️ CAMELS backward-looking — SVB composite 2 just before failure; ⚠️ Management component reform contested; 15 graph nodes added; 5 new queue entries prepended
2026-06-14	bank-closure-simulation-comprehensive	quick	30	5	5	cross-domain	7-cluster framework: financial (Monte Carlo+copula+GAN) + physical (branches/ATMs/vaults/RE) + workforce (headcount/redundancy/key-persons) + IT (CBS/DC/payment-rails/AML) + customers (depositor DB/loan portfolio) + contracts (ISDA/licences) + resolution mechanics (P&A/bridge/liquidation/DPA cost)
2026-06-14	diamond-dybvig-platform-banking-extension	quick	10	3	5	Thai banking / DPA policy	D&D insurance dominant-strategy theorem fails when platform pre-synchronizes beliefs; arXiv 2602.15066 (Feb 2026) LLM ABM = primary anchor; SVB: standard DI insufficient for 94% uninsured → FDIC systemic risk exception required = empirical D&D departure; stablecoin extension (arXiv 2505.10997/2510.10469); ⚠️ contested: does insurance remain dominant under platform synchronization?; ⚠️ SVB intervention = ordinary D&D vs departure?; 2 new queue entries (SVB D&D Departure score 11, Stablecoin score 9); diamond-dybvig removed from queue
2026-06-14	abm-full-bank-ecosystem-simulation	quick	10	3	5	cross-domain	Parent: [[bank-closure-simulation-comprehensive]]; multi-agent architecture (depositors + borrowers + staff + regulators); Simudyne Pulse/Horizon platform (HKEX/LSEG production); BIS BCBS WP29 macroprudential stress test integration; platform run velocity calibration gap = key unresolved question; ⚠️ contested: LLM behavioral fidelity (arXiv 2501.08579 + 2506.19806 — agents "too rational", underweight loss aversion); ⚠️ supervisory adoption barrier (opaque emergent behavior hard to audit); no BOT/DPA Thai deployment; SIR↔bank contagion equivalence bridge; Axtell-Farmer paradigm; 5 new queue entries (ABM CLICX speed score 11, LLM fidelity score 9, ABM→macroprudential score 9, SIR bridge score 9, Axtell-Farmer score 9)
2026-06-14	abm-platform-bank-run-speed-clicx	quick	10	3	5	Thai banking / DPA policy	Parent: [[abm-full-bank-ecosystem-simulation]]; SVB $42B/10hr = $1M+/sec empirical upper bound; Signature $18B/1 day; AIS push notification is qualitatively different from Twitter pull — zero-latency bank-controlled mass broadcast vs. user-driven; Cookson FDIC July 2024: cashtag attention (not sentiment) → 4.3pp stock loss for high-Twitter banks; India RBI April 2025 = first +2.5% digital run-off in LCR; BOT LCR 3-5% run-off for CLICX "stable retail" structurally unsound; no calibrated ABM for push-notification platform bank at 43M scale; Atlantic Council 2024: intraday liquidity requirement needed; BCB WP465 = closest foundational ABM (no platform layer); ⚠️ contested: AIS notification causal vs. incidental; ⚠️ contested: +2.5% RBI sufficient vs. 20-50% needed; 4 new queue entries (CLICX velocity calibration score 11, RBI +2.5% score 10, Cookson score 10, intraday LCR score 9)
2026-06-14	clicx-run-velocity-calibration-framework	quick	10	3	5	Thai banking / DPA policy	Parent: [[abm-platform-bank-run-speed-clicx]]; India RBI April 2025 final = +2.5% IMB run-off (stable 5%→7.5%, less stable 10%→12.5%), effective April 2026; RBI draft was +5% → lobbied to 2.5% (no empirical basis for either number); BOT has NO equivalent; PromptPay sub-minute execution renders LCR 30-day horizon structurally inapplicable for CLICX; ECB intraday framework November 2024 = 76 requirements, binding, no BOT equivalent; OSFI Canada LAR 2025 Ch.7 = best-practice toolkit; Korea FSC/FSS = no special LCR treatment for KakaoBank/K Bank (gap by omission); BankX (SCBX+KakaoBank) inherits same gap; BOT-DPA coordination silo = no formal channel for DPA to update BOT LCR classification; ⚠️ contested: +2.5% adequate vs 20-50% needed for push bank; ⚠️ contested: Korea omission = endorsement or oversight; 4 new queue entries (PromptPay LCR inapplicability score 11, BOT-DPA silo score 11, ECB intraday model score 9, India regulatory capture score 9)
2026-06-14	promptpay-lcr-structural-inapplicability	quick	10	3	5	Thai banking / regulatory	Parent: [[clicx-run-velocity-calibration-framework]]; PromptPay scale: 24.3B transactions 2024; 74M/day; 90M registrations; max 60-second 24/7; BAHTNET (BOT RTGS) settles each individually; THB 2M/day cap × 43M AIS = THB 86T capacity vs Thai deposits ~THB 18T; 1% activation = THB 860B > CLICX launch deposit base; BOT LCR = standard 30-day no intraday no VB modification; 30-day vs 60-second = ~500× window mismatch; ECB Nov 2024 "Sound Practices" 76 requirements; EU mandate Jan+Oct 2025; instant payment paradox (RTGS pre-funding increases demand vs DNS netting); KEY FINDING: BAHTNET is BOT-operated → BOT already has real-time CLICX outflow visibility via settlement agent role; technology exists, policy activation does not; ⚠️ contested: BAHTNET ELA covers outflow but doesn't prevent run; ⚠️ contested: 60s cap as queue dampener; 3 new queue entries (BAHTNET monitor score 11, THB 2M cap math score 11, EU instant payments lessons score 9)
2026-06-14	bahtnet-bot-dpa-coordination-gap	quick	10	3	5	Thai banking / DPA policy	Parent: [[promptpay-lcr-structural-inapplicability]] + [[clicx-run-velocity-calibration-framework]]; DPA payout currently ~30 days; goal = 7 days; IADI Sep 2025 requires 5 business days — still 2 days short; BAHTNET real-time = necessary not sufficient (depositor DB readiness = binding constraint); BOT Oct 2025 Open Data = consumer data sharing NOT supervisory; no published BOT+DPA+MOF MOU; Korea 5-party MOU (2009) = best template; FSB Oct 2024: "authorities must react much more quickly to deposit outflows"; IADI: clearly specified agreements "highly desirable"; BoE RT2 May 2025 Purpose Codes+LEIs = payment enrichment model; DPA LCR input error: uses BOT 3-5% run-off for CLICX; actual may be 50%+; BAHTNET threshold design = undefined denominator; ⚠️ contested: DPA Act legal authority for BAHTNET data; ⚠️ contested: social media vs BAHTNET EWS primacy; 4 new queue entries (Safety Net MOU score 11, BAHTNET threshold score 11, DPA payout gap score 10, BoE RT2 model score 9)
2026-06-14	thailand-safety-net-mou-gap	quick	10	3	5	Thai banking / DPA policy	Parent: [[bahtnet-bot-dpa-coordination-gap]]; IMF FSAP Thailand 2019: DPA = paybox-plus under MOF, BOT FSU (2016) = internal coordination only; CRITICAL: DPA under MOF, BAHTNET at BOT = cross-ministry barrier requiring inter-ministry MOU or Cabinet decision (not BOT internal policy); IADI 2025 work priorities: actively reviewing MOU adequacy across member deposit insurers — DPA under peer scrutiny NOW; IADI Dec 2023 flagged coordination; ARC June 2025: DI+resolution alignment; APRC April 2024: novel financial crises; CLICX account reservations open June 2 = BOT has BAHTNET visibility, DPA does not; BAHTNET threshold: absolute (THB X/hour) = actionable day one; % threshold needs denominator (not known pre-launch); PromptPay cap math: THB 86T theoretical vs THB 18T Thai deposits; 1% AIS = complete CLICX depletion; DPA paybox-plus mandate vs. no real-time data pipeline; ⚠️ contested: BOT FSU vs. formal MOU; ⚠️ contested: IADI peer assessment = pressure vs. advisory; 3 new queue entries (IADI MOU review score 11, BOT-MOF legal barrier score 11, DPA paybox-plus data gap score 11)
2026-06-14	iadi-mou-review-dpa-paybox-plus-cluster	quick	10	3	5	Thai banking / DPA policy	Parent: [[thailand-safety-net-mou-gap]]; LEGAL CORRECTION from prior expansion: DPA Act B.E. 2551 already authorizes BOT→DPA info sharing "upon request" — cross-ministry barrier less absolute; DPA Board includes BOT reps; real gap = "upon request" episodic vs. IADI CP "comprehensive framework" standing requirement; BAHTNET data classification ambiguity (payment data vs. examination data under Act scope); IADI CP final November 2025: digital innovation + 2023 turmoil + resolution integration; paybox-plus global 51% (up from 36% 2014); Asia 24%; DPA Thailand ahead in mandate scope, behind in data infrastructure; IADI Global Trends Report July 2025 = benchmarking tool; FDIC 2024 RFI = US parallel; IADI peer assessment of DPA in 2026; reform path = procedural/regulatory not necessarily legislative; ⚠️ contested: "upon request" sufficient vs. IADI CP compliance; ⚠️ contested: BAHTNET data in Act scope; 2 new queue entries (DPA Act vs. IADI CP gap score 11, IADI Global Trends benchmarking score 10)
39	2026-06-15	dpa-act-upon-request-vs-iadi-comprehensive	quick	10	3	3	Thai banking / DPA policy	Parent: [[iadi-mou-review-dpa-paybox-plus-cluster]]; IADI CP 2025 exact formalization requirement: "ongoing information sharing and coordination should be explicit and formalised through legislation, regulations, MOU, or other arrangements" — four-tier ladder; DPA Act B.E. 2551: "upon request" = reactive episodic, satisfies neither "ongoing" nor "explicit and formalised"; Korea 5-party MOU (FSC+FSS+BOK+MOSF+KDIC): provides "periodic" + "non-scheduled" financial information — covers both standing AND event-driven flows; FSS-BOK MOU: "in principle unrestricted information exchange" for supervision purposes unless specifically prohibited by law — strongest available language template; MEFM inter-agency forum = macro-financial coordination body with crisis simulation exercises = structural analog of what Thailand lacks; KEY FINDING: MOU alone (without legislation or Royal Decree) can satisfy IADI CP "explicit and formalised" requirement under the "MOU" and "other arrangements" tier — reform path is procedural, not necessarily legislative; IADI 2026 Assessment Handbook -> DPA Thailand self-assessment window opens; FDIC-KDIC cross-border MOU = bilateral model; DPA Board BOT-rep composition = existing inter-agency channel, potential treaty predecessor; BAHTNET data classification (payment data vs. FI supervisory data under BOT Act 1942) = still pivotal unresolved question; contested: BOT-DPA MOU alone meets IADI comprehensive framework vs. requires formal statute; contested: Korea MEFM codified in law vs. purely administrative; 5 new queue entries (FSS-BOK template score 11, BOT Act 1942 disclosure scope score 11, formalization ladder score 10, MEFM forum score 10, IADI 2026 self-assessment score 10)
40	2026-06-15	fss-bok-unrestricted-mou-template-and-bot-act-1942-bahtnet	quick	10	3	4	Thai banking / DPA policy	Parent: [[dpa-act-upon-request-vs-iadi-comprehensive]]; FSS-BOK MOU exact clause (IMF FSAP Korea 2015 confirmed): "provides for, in principle, unrestricted information exchange for financial supervision and banking safety and soundness purposes unless specifically prohibited under the law for privacy and other applicable grounds" — directly usable as BOT-DPA MOU Article 1 template; BOT Act B.E. 2485 (1942): authorizes BOT to "administrate inter-bank clearing systems" = BAHTNET legal basis; Payment Systems Act B.E. 2560 (2017): second legal basis for BAHTNET, enacted AFTER DPA Act B.E. 2551 (2008) — temporal gap: DPA Act drafters did not contemplate Payment Systems Act data; KEY FINDING: BAHTNET data has TWO-TRACK classification problem: (1) BOT supervisory data under FIBA = clearly "FI information" under DPA Act; (2) BAHTNET operational data under BOT Act/Payment Systems Act = NOT obviously "FI information" under DPA Act — different legal basis; PDPA B.E. 2562 (2019, full effect 2022): BAHTNET individual transaction data may contain personal data → BOT-DPA sharing requires legal basis under PDPA; AGGREGATE outflow data (CLICX total outflow, not individual transactions) is likely non-personal data and PDPA-exempt; Royal Decree route: DPA Act B.E. 2551 may have Royal Decree authorization mechanism (analogous to differential premium rate authority) that could explicitly authorize BAHTNET aggregate flow sharing without full legislation; FSB Peer Review Korea 2017: reviewed MOU adequacy; CPSS-IOSCO assessment of BAHTNET (World Bank) provides data governance context; contested: whether BAHTNET participant outflow data = FI information under DPA Act; contested: PDPA exemption for BOT-as-regulator sharing vs. requires separate legal basis; 4 new queue entries (Royal Decree route score 11, Payment Systems Act temporal gap score 11, PDPA aggregate exemption score 10, FIBA two-track classification score 10)
41	2026-06-15	payment-systems-act-2560-temporal-gap-and-royal-decree-route	quick	10	3	4	Thai banking / DPA policy	Parent: [[fss-bok-unrestricted-mou-template-and-bot-act-1942-bahtnet]]; CRITICAL LEGAL FINDING: DPA Act Section 39 confirmed text: BOT or other supervisory authorities and DPA "may provide or exchange examination reports or OTHER INFORMATION REGARDING FINANCIAL INSTITUTIONS upon request in order to monitor financial institutions standings and performance"; "other information" is broader than examination reports; BAHTNET outflow data of CLICX = "information regarding [CLICX as] financial institution" = strong interpretive argument that Section 39 already covers BAHTNET data; Section 40 finding: DPA can DIRECTLY require financial institutions (including CLICX) to submit periodic or occasional confidential reports — ALTERNATIVE PATH bypassing BOT/BAHTNET entirely; Royal Decree route RULED OUT: Royal Decree authority in DPA Act is ENUMERATED specifically for (1) premium rates and (2) adding specialized FIs to coverage; NO general Royal Decree authority for information sharing exists in DPA Act; Payment Systems Act B.E. 2560 (2017): effective April 2018, gives BOT authority to collect data from payment operators "in any form"; feeds into Section 39 "other information" interpretation; payment system operator data ← BOT under PSA 2017 is "other information regarding FIs" arguably; Timeline comparison: MOU (administrative, weeks) > Royal Decree (Cabinet, 3-6 months IF authority exists — it does not) > DPA Act amendment (Parliament, 12-24 months); PDPA exemption: aggregate BAHTNET data (non-personal) bypasses PDPA entirely; contested: whether "other information" is contextually limited by ejusdem generis (same type as examination reports) vs. broadly literal; contested: Section 40 timeliness — DPA can require periodic reports but not real-time; 4 new queue entries (Section 39 scope score 11, Section 40 direct CLICX path score 11, MOU operationalization score 10, Royal Decree enumeration constraint score 10)
42	2026-06-15	dpa-act-section-39-scope-and-section-40-direct-clicx-reporting	quick	10	3	4	Thai banking / DPA policy	Parent: [[payment-systems-act-2560-temporal-gap-and-royal-decree-route]]; Section 40 exact text confirmed: "Where it is necessary in the course of monitoring a financial institution s standing and performance, the Agency is empowered to require the financial institution to submit, either periodically or occasionally, confidential reports containing particular items as specified by the Agency"; KEY FINDING: DPA already has complete legal authority under Section 40 to require CLICX to submit deposit outflow data without BOT involvement, without MOU, without DPA Act amendment; implementation = DPA Board resolution specifying items and frequency; frequency: "periodically" is not defined in Act — daily or weekly is permissible; penalty: Section 663 = up to THB 500K + THB 5K/day for non-compliance; Section 39 interpretation: IMF FSAP 2019 cited Section 39 without flagging it as restrictive; "other information regarding the financial institution" appears broad; no ejusdem generis precedent found; IMF FSAP 2019 CRITICAL PRECEDENT: explicitly recommended Thailand create "an overarching coordination body including representatives of all supervisory agencies, the DPA, and the Ministry of Finance" — Korea MEFM-equivalent; recommendation from 2019 remains UNIMPLEMENTED 7 years later; CLICX June 19 2026 launch = urgency catalyst for 2019 FSAP recommendation; World Bank CPSS-IOSCO BAHTNET assessment available; FSAP 2026 follow-up likely to evaluate whether 2019 recommendations implemented; Section 40 + IADI CP 2025: standing Board resolution specifying CLICX reporting schedule = "other arrangements" under IADI CP four-tier ladder — may independently satisfy IADI compliance without BOT MOU; contested: whether Section 40 "periodically" supports real-time vs. only batch periodic; contested: whether IMF 2019 recommendation creates IADI assessment pressure or is purely advisory; 4 new queue entries (IMF FSAP coordination body gap score 11, Section 40 launch-day activation score 11, two-track implementation score 10, FSAP 2026 follow-up score 10)
2026-06-15	imf-fsap-2019-coordination-body-and-dpa-section40-clicx-reporting	quick	imf-coordination-body-membership|imf-2025-cr-25-45-implementation-table|fidf-resolution-architecture|clicx-june19-urgency|section40-board-resolution-language|section63-penalty-enforcement	imf-2025-article-iv->unimplemented-recs->reform-timeline-compression|fidf->ela-backstop->dpa-resolution-funding|korea-mefm->thai-coordination-body-blueprint|section40-board-resolution->iadi-cp-other-arrangements|clicx-launch->urgency-catalyst	regulatory	IMF 2019 FSAP explicitly named DPA+FIDF+MAC+MOF in coordination body; CR 25/45 (concluded Feb 2026) contains implementation tracking table; CLICX June 19 = dual FSAP+IADI pressure; Section 40 board resolution needs specific language (FI name+items+frequency+first-date); Section 63 penalty adequacy contested for KTB-backed virtual bank
2026-06-15	imf-cr-25-45-fsap-table-and-dpa-section40-exact-language	quick	dpa-act-section40-exact-text|section41-dpa-right-to-request-bot|section43-enforcement|section25-board-authority|section66-penalty-correction|imf-2025-ongoing-efforts-unimplemented	section41->dpa-independent-bot-request-right->section39-redundant-path|section25-board-authority->section40-board-resolution->iadi-other-arrangements|section66-corrects-section63-citation-error|imf-ongoing-efforts-language->coordination-body-not-implemented->reform-urgency	regulatory	⚠️ SECTION CORRECTION: penalty for Section 40 non-compliance = Section 66 (THB 500K + THB 5K/day), NOT Section 63 (which = liquidation authority); Section 40 exact text confirmed; Section 41 = DPA own right to request from BOT (independent of Section 39); Section 25 = Board policy authority basis for board resolution; IMF ongoing-efforts language in CR 25/45 signals coordination body still not implemented Feb 2026
2026-06-15	section41-reasonable-suspicion-threshold-and-revised-three-channel-framework	quick	section41-exact-condition|section40-only-unconditional-channel|section41-emergency-not-routine|iadi-cp-ongoing-requirement|bot-dec2024-notification-blocked	section41-reasonable-suspicion->distress-trigger-NOT-routine|section40->only-unconditional-proactive->iadi-cp-compliant|section41-CANNOT-satisfy-iadi-cp-ongoing|three-channel-revised:S40-unconditional-S41-conditional-S39-discretionary	regulatory	CRITICAL REVISION: Section 41 is NOT routine monitoring right -- it requires reasonable suspicion FI may cause public damage; only Section 40 gives DPA unconditional proactive data access; IADI CP ongoing requirement cannot be satisfied by Section 41 alone; BOT Dec 2024 notification PDF blocked (binary); Section 40 Board resolution is NOW the single most critical DPA reform item before CLICX launch
2026-06-15	dpa-board-composition-and-section40-procedural-path	quick	dpa-board-bot-representative-not-governor|dpa-president-songpol|bot-governor-vitai-ratanakorn|board-voting-simple-majority|iadi-cp-sep2025-published-toc-only	bot-representative->simple-majority-cannot-block-s40|dpa-board-size-5-7->3-4-votes-required|iadi-cp-sep2025->legislation-regulation-mou-other-arrangements	regulatory	DPA Board has BOT representative (not BOT Governor personally); simple majority vote = BOT cannot block Section 40 resolution; DPA President = Songpol Chevapanyaroj; BOT Governor since Oct 2025 = Vitai Ratanakorn; IADI CP Sep 2025 PDF accessible at iadi.org but only TOC extracted; 15-iteration DPA regulatory thread now ready for consolidated synthesis note
2026-06-15	dpa-data-access-framework-synthesis-note-written	quick	dpa-data-access-framework.md-created|index-updated-94-pages|log-appended	dpa-deposit-protection->data-access-framework|iadi->four-tier-ladder->section40-compliant|clicx-monitoring-gap->section40-urgency	regulatory	SYNTHESIS NOTE WRITTEN: md/wiki/concepts/dpa-data-access-framework.md created; three-channel framework documented with exact statutory conditions; CLICX monitoring gap and IMF FSAP unimplemented status included; fastest reform path table; index updated (93->94 pages); next: fetch IADI CP Sep 2025 exact text for CP7/CP8
2026-06-15	ffiec-camels-2026-reform-and-iadi-cp-retrieval-gap	quick	ffiec-camels-npr-may-2026|management-component-decoupled|remove-special-consideration|m-factors-narrowed|iadi-cp-persistent-retrieval-gap	ffiec-camels-reform->svb-failure->management-rating-2-before-collapse|camels-m-decoupling->institution-profile-framework-update|iadi-cp-all-mirrors-403->retrieval-gap-permanent	regulatory	FFIEC CAMELS NPR May 19 2026: removes special-consideration for M in composite; narrows M factors (remove depth/succession + auditor-responsiveness + community-banking); Aug 17 comment deadline; all FFIEC agencies; SVB motivation; IADI CP Sep 2025 body text PERSISTENTLY INACCESSIBLE via WebFetch (iadi.org, dic.go.jp, ndic.gov.ng all return TOC only); four-tier ladder language in wiki note is from prior research, not Sep 2025 primary source
2026-06-15	camels-entity-page-and-svb-scor-research	quick	ffiec-npr-management-decoupled|svb-camels-2-before-failure|fdic-scor-logit|gao-25-106771|bot-pairs-thai-equivalent|iadi-cp-unverified-caveat	ffiec-camels-reform->svb-backward-looking-blind-spot|scor-false-negative->camels-limitation|bot-pairs->thai-camels-equivalent|iadi-cp-unverified->dpa-framework-caveat-added	regulatory	CAMELS entity page created (camels.md); FFIEC 2026 NPR documented; SVB CAMELS composite 2 before failure; FDIC SCOR ~67% FNR; GAO-25-106771; BOT PAIRS stub; dpa-data-access-framework.md [UNVERIFIED] caveat added for IADI four-tier ladder language
2026-06-15	dpa-resolution-cost-framework-and-readiness	quick	iadi-cp15-7-working-days|iadi-3day-aspiration|fdic-fire-sale-3232pp|iadi-2026-global-trends-march-2026|apac-5day-median|depositor-db-binding-constraint	iadi-cp15-7wd->correction-from-5bd|iadi-aspiration-3days->dpa-goal-gap|fdic-fire-sale->resolution-cost-calibration|iadi-2026-report->supersedes-2025|depositor-db->binding-payout-constraint	regulatory	resolution-readiness.md created; IADI CP 15 CORRECTION: 7 working days (not 5 business days); 3-day aspiration new Sep 2025; IADI 2026 Trends Report (March 2026) identified; APAC median 5 days; FDIC fire-sale +3.232pp; CLICX scenario; depositor DB as binding constraint
2026-06-14	bank-closure-simulation	quick	15	3	5	—	RE-EXPANSION: integrated 6 autoresearch findings; 4 new clusters H/I/J/K; Delayed-Peak Theorem (arXiv 2602.16186), FDIC 2025 bridge-bank de-emphasis, CBDC run-destination (arXiv 2510.21071), Stanford survival-clause intervention, 30-indicator synthetic schema (arXiv 2511.13384), FSB CCP resolution; 3 new frontier queue items prepended; 8 new graph nodes added
2026-06-14	bank-rating-model	quick	14 (4 clusters)	4	5	general finance / regulatory	RE-EXPANSION anchoring [[bank-profile-rating]], [[camels]], [[bicra]], [[standalone-credit-assessment]], [[institution-profile]] as [known]; new territory: quantitative model architecture (PIT/TTC, IRB, structural, ML), rating process (validation, XAI, pro-cyclicality), Fed LFI 2025; 11 new nodes queued; 3 new priority-1 frontier entries; ⚠️ contested: CAMELS vs agency ratings — which predicts failure earlier? (Curry 2008 vs Cole/White 2012 vs SVB 2023 postmortem); recent: FFIEC May 2026 Management component reform; practitioner–academic divide: agencies claim TTC but behave as "sluggish PIT" (Loffler 2004 8-quarter lag)
2026-06-16	camels-management-reform-2026	quick	14 (4 clusters)	5	5	regulatory / Thai banking	NPR May 19 2026: removes M "special consideration" from composite; deletes 4 M factors (depth/succession, auditor-responsiveness, community-banking, overall IDI performance); adds material financial risk gate for M≥3; restricts BSA/AML specialty reviews from driving composite downgrades; eliminates "but not limited to" examiner discretion language; first UFIRS revision since 1996; comment deadline Aug 17 2026; ABA supportive; BPI proposes abolishing M for small banks → CAELS; OCC Comptroller Gould: double-counting persists; SVB CAMELS composite 2 before failure = primary rationale; 5 new nodes queued (Thai BOT equivalent, Pillar 6 update, specialty review restriction, market signals, already-queued rows 53/55); row 54 removed from frontier queue
2026-06-16	bot-camels-equivalent	quick	12 (4 clusters)	4	5	Thai banking	KEY FINDING: BOT supervisory rating is composite, forward-looking, risk-based, dual scope (quantitative+governance/risk management quality); rating system is supervisory-confidential with no confirmed public name ("PAIRS" acronym [UNVERIFIED]); 4 confirmed bridges (SREP/EBA, Basel BCPs, BICRA, insurance ORSA); IMF FSAP Thailand 2019 primary source inaccessible (403 Forbidden); BOT Notification PDF binary; World Bank BCP Thailand PDF binary; 3 new nodes queued: BOT Virtual Bank Supervision 2025 (Score 11), SREP vs BOT comparison (Score 10), BOT Pillar 2 IRRBB examination (Score 9); bot-camels-equivalent removed from frontier queue
2026-06-16	statistical-camels-alternatives	quick	5	3	5	regulatory / general finance	KEY FINDING: FDIC SCOR (stepwise logit, 12 ratios) has ~2/3 false-negative AND ~2/3 false-positive rate on downgrade prediction; OCC Canary = 15 benchmarks across credit/liquidity/IRR for banks <$1B; corrected frontier-queue naming — "Outlier Metrics" is a Fed HC-SABR feature, not a standalone system (SR-SABR is bank-level, HC-SABR is holding-company-level); academic Random Forest/XGBoost literature beats production logit but unadopted by any agency; FFIEC 2026 NPR reforms rating framework not statistical tools — two disconnected reform tracks; SVB CAMELS-1 liquidity rating before failure shows qualitative+quantitative layers failed simultaneously; no Thai BOT equivalent documented; 5 new nodes queued
2026-06-16	irb-internal-ratings-based	quick	14 (4 clusters)	3	5	regulatory	Parent: [[bank-rating-model]]; 4 clusters (Architecture/F-IRB/A-IRB, Scope/Asset Classes, Regulatory Process, ML Frontier); ⚠️ contested: output floor calibration at 72.5% — EBF argues too conservative, US industry argued insufficient; recent: US Basel III Endgame reproposed 2025 (fragmented timeline globally); EU CRR3 Jan 2025, UK Basel 3.1 Jan 2027; practitioner-academic divide: A-IRB still useful for SME retail vs. regulators say 25-35% RWA gap persists; 3 new queue entries (Output Floor Score:11, FRTB IMA Score:11, Downturn LGD Score:10); confirmed relationships: [[bank-rating-model]], [[camels]], [[standalone-credit-assessment]], [[bicra]], [[bank-profile-rating]]
2026-06-16	basel-iv-output-floor	quick	14 (4 clusters)	3	5	regulatory / Thai banking	Parent: [[irb-internal-ratings-based]]; domain: Thai banking; 4 clusters (Mechanism/Formula, Jurisdictional Implementation, Impact Analysis, Business Model Response); KEY FINDING: BOT targeting Jan 2028 enforcement; Thai CAR 21.3% = large insulation buffer; Thai banks predominantly SA-only → floor may not bind at all; CLICX/virtual banks SA-only by default; ⚠️ contested: 72.5% calibration — EU/UK at 72.5% vs US softening op risk floor to 40-60% in March 2026 reproposal; recent: US Endgame reproposal consultation ends June 18, 2026 (today); aggregate vs per-asset-class floor = unresolved methodological debate; 3 new queue entries (BOT QIS Score:11, US Endgame Reproposal Score:11, Revised SA-CR Score:10); 5 confirmed relationships added
2026-06-16	pit-vs-ttc-rating-methodology	quick	14 (4 clusters)	3	5	general finance / regulatory	Parent: [[bank-rating-model]] + [[camels]]; 4 clusters (Core Definitions, Regulatory Application Divide, Cycle Dynamics, Validation/Estimation); KEY FINDING: PIT-ness is a spectrum not binary (2012 framework); pure PIT or TTC not practically achievable — most models are hybrids; ⚠️ contested: agencies claim TTC but Löffler 2004 shows ~8-quarter "sluggish PIT" lag — no empirical resolution; recent: EBA Q&A 2025_7634 confirms MoC-calibration philosophy link still unresolved nearly a decade after EBA/GL/2017/16; practitioner-academic divide: banks treat as dual-system operational burden vs academics question whether TTC achieves stated countercyclical goal given CAMELS procyclicality evidence; 3 new queue entries (CCyB Score:10, Löffler Empirical Note Score:9, EBA MoC Score:9); 4 confirmed relationships added
2026-06-18	bot-qis-thai-dsib-floor-binding	quick	5	3	5	Thai banking	Parent: [[basel-iv-output-floor]]; KEY FINDING: Deutsche Bank Bangkok Branch Pillar 3 confirms Standardized Approach use — first concrete Thai-operating bank SA/IRB data point found this session, closing part of the IRB review's standing GAP1; BOT Notification 9-2562 confirmed to govern SA rules; domestic D-SIBs (BBL/KBANK/SCB/KTB/Krungsri) disclosures not confirmed either way — foreign branches appear more transparent on this than domestic banks; BCBS d609 (March 2026): global aggregate floor-driven capital shortfall only €1.0bn, impact "negligible" early in phase-in (0.1% Group 1, 0.5% Group 2); ⚠️ contested: whether BOT's 2028 target reflects genuine urgency or just convention given negligible global impact so far; BOT QIS results themselves remain unpublished; 3 new queue entries (Thai D-SIB Pillar 3 Audit Score:11, BOT IRB Notification Lookup Score:11, BCBS d609 Asia-Pacific Breakdown Score:9); removed from queue
2026-06-18	us-basel-endgame-reproposal-2026	quick	12 (3 clusters)	3	5	regulatory	Parent: [[basel-iv-output-floor]]; CORRECTS prior characterization (was framed as op-risk floor softening 40-60%) — actual finding: ERBA (Expanded Risk-Based Approach) FULLY ELIMINATES internal models for credit AND operational risk, retains models only for market risk; 3 separate proposals (ERBA, Standardized, GSIB Surcharge) issued March 19 2026; avg CET1 impact +1.2% but heterogeneous — 1/3 of sub-$100bn banks see 5-10% reductions; Fed vote 6-1, Governor Barr dissent cites Collins Amendment (US-specific statutory floor, no EU/UK/Thai equivalent); 2023 original proposal drew 97% opposition (356 material comments), BPI "Stop Basel Endgame" campaign; comment period only 3 months (vs typical 6), deadline June 18 2026; ⚠️ contested: Barr's Collins Amendment compliance concern vs majority's view it's not a real legal risk; 3 new queue entries (Collins Amendment Score:11, ERBA Opt-In Mechanics Score:9, 2023-vs-2026 Comparison Score:9); removed from queue
2026-06-18	frtb-internal-models-approach	quick	8 (3 clusters)	3	5	regulatory	Parent: [[irb-internal-ratings-based]]; KEY FINDING: US treats SA as a CAP on IMA capital — structurally inverse to IRB's SA-as-floor; PLAT exact thresholds confirmed (Mean Ratio 10%, Variance Ratio 20%, monthly reporting); NMRF modellability observation threshold reduced 100→24 in US proposal with Type A (lighter charge)/Type B (original) split; EU deferred to Jan 2027 with temporary multiplier; APAC patchwork (HK/Singapore 2025, Australia 2026); no Thai FRTB/IMA disclosure found — parallel gap to credit-risk IRB audit; ⚠️ contested: NMRF procyclicality/risk-concentration concern vs whether threshold reduction is genuine data-fix or capital relief; 3 new queue entries (PLAT Desk Demotion Score:10, NMRF Procyclicality Score:9, Thai FRTB Disclosure Check Score:9); removed from queue
2026-06-18	downturn-lgd-calibration-methodology	quick	5 (3 clusters)	3	5	regulatory	Parent: [[irb-internal-ratings-based]]; CORRECTS prior characterization — primary source confirmed as EBA/GL/2019/03 (not "EBA 2022 guidelines" as previously stated); EBA's actual June 2022 COVID guidance (4 principles) mandated POSTPONING downward LGD recalibration until pandemic effects fully materialized in loss rates — opposite emphasis from "COVID required retroactive recalibration"; Type-1 (sufficient data)/Type-2 (insufficient data, haircut or extrapolation) approach split; "most conservative add-on wins" principle; numerical example: downturn LGD ~7.73% relatively higher (~2pp absolute) than long-run average; recent: UK PRA SS4/24 (effective Jan 2026) has its own downturn LGD section, potential EU/UK divergence; ⚠️ contested: whether EBA's COVID caution was prudentially correct vs excessively conservative given structural (not just delayed) changes from government support programs; 3 new queue entries (UK PRA SS4/24 Score:10, COVID Recalibration Resolution Score:8, MoC Practitioner Critique Score:8); removed from queue
2026-06-18	countercyclical-capital-buffer	quick	6 (2 clusters)	3	5	Thai banking / regulatory	Parent: [[pit-vs-ttc-rating-methodology]]; KEY FINDING: BOT confirmed to have a CCyB framework ("as determined by BOT") per Chambers Thailand financial services guide, but current Thai rate not located via WebSearch (BIS dashboard updated Apr 24 2026 likely has it, not retrieved); mechanism: credit-to-GDP gap via one-sided HP filter, Basel threshold 2% for zero buffer; CCyB and TTC solve the same procyclicality problem at different levels (macro lever vs model design) — CCyB arguably more honest since it doesn't ask models to misrepresent current risk; ⚠️ contested: CEPR "build early" critique — many jurisdictions may not build headroom early enough; recent: ECB Aug 2025 Macroprudential Bulletin examines early-activation timing vs monetary policy interaction; 3 new queue entries (BOT CCyB Rate History Score:10, Thai Credit-to-GDP Gap Score:9, Build-Early Cross-Country Critique Score:8); removed from queue
2026-06-18	loffler-sluggish-pit-empirical-note	quick	8 (2 clusters)	3	5	general finance	Parent: [[pit-vs-ttc-rating-methodology]] + [[standalone-credit-assessment]]; REVISES CONFIDENCE in earlier session synthesis — Löffler's actual finding is two-part: high rating stability (consistent with TTC) + low default-prediction power, which Löffler himself frames as the EXPECTED consequence of choosing TTC method, not "sluggishness" or error; methodology = structural default model (Kalman filter permanent/cyclical decomposition) benchmarked against credit-scoring models; KEY NEW FINDING: Nejad (2024, Rev Financial Economics) — downgrades during credit crunches NOT reversed over 1-5 years, interpreted by Nejad as supporting GENUINE TTC (persistent fundamental deterioration), not sluggish PIT; ⚠️ central contested claim sharpened and complicated — this session's earlier PIT/TTC review may have leaned too far toward the skeptical "sluggish PIT" framing without fully crediting Löffler's own more neutral interpretation or Nejad's 2024 complication; recent: "Have Ratings Become More Accurate?" (2024) suggests prediction power may be improving since Löffler's 2004 baseline; 3 new queue entries (Reversal/Non-Reversal Discriminator Score:10, Post-Löffler Accuracy Update Score:9, Sovereign Non-Reversal Case Study Score:8); removed from queue
2026-06-18	revised-basel-iv-sa-cr	quick	8 (2 clusters)	3	5	regulatory / Thai banking	Parent: [[basel-iv-output-floor]]; KEY FINDING: SA-CR revision explicitly targets 4 named Basel II weaknesses (external-rating dependence, low risk sensitivity, outdated calibration, IRB incomparability); real estate now LTV-driven; UNRATED CORPORATE FAULT LINE — Basel text prescribes 100% weight, EU CRR3 carves out 65% for PD≤0.5% ("most EU firms do not generally seek ratings"), UK gives PRA discretion (Art 122(6)) instead of a fixed rule; Thai corporate rating penetration unknown (TRIS + Fitch Thailand only domestic ECAIs) but structurally likely to face the same EU-style mismatch; no BOT position found; recent: BoE SS1/13 Jan 2026 update shows UK guidance still being refined; 3 new queue entries (Thai Rating Penetration Score:10, BOT SA-CR Treatment Score:9, Securitization Parallel Score:8); removed from queue
2026-06-18	eba-margin-of-conservatism-framework	quick	5 (2 clusters)	3	5	regulatory	Parent: [[pit-vs-ttc-rating-methodology]]; KEY FINDING: exact EBA Q&A 2025_7634 question text recovered, corroborating earlier session's primary EBA/GL/2017/16 finding word-for-word ("describe the three MoC categories... but do not explicitly refer to any link" between MoC and PIT/TTC philosophy); Category A trigger list confirmed (missing/changed default triggers, missing default dates, missing/outdated rating info, missing/inaccurate cash-flow/risk-driver data); Category C uses concrete "k-sigma" method (estimator std dev × factor k); MoC mandatory since Jan 2021 — 4-year gap before PIT/TTC Q&A appeared; academic literature (Liu numerical example, AIFIRM Position Paper 13) built independent MoC quantification methodology ahead of formal EBA clarification; 3 new queue entries (k-Sigma Full Spec Score:9, EBA Q&A Full Answer Score:8, Actuarial MoC Parallel Score:8); removed from queue — ALL 8 BATCH 2 FRONTIER-QUEUE ITEMS NOW COMPLETE
2026-06-16	bot-statistical-early-warning-gap	quick	4	3	5	Thai banking	KEY FINDING: BOT confirms it runs an off-site early-warning process but discloses neither model name nor methodology — stricter confidentiality than US (SCOR/Canary methodology is public even though bank-level outputs aren't); closest public proxy is ASEAN academic logit/probit literature (UKM 2020, ~86% accuracy, ETA/NIN as strongest predictors) — not an official BOT tool; BOT's June 12 2025 AI Risk Management draft (FEAT principles) regulates FIs' AI use with drift-detection/fairness requirements but discloses nothing about BOT's own surveillance methodology — asymmetry flagged as contested frontier; virtual bank surveillance still undocumented ahead of CLICX June 19 2026 launch; 3 new nodes queued: BOT AI Risk Management Guiding Principles detail (Score 11), ASEAN bank failure prediction literature (Score 9), FEAT vs EU AI Act comparison (Score 9)
2026-06-17	bank-simulation-chatbot-omnidetail	quick	15	6	5	Thai banking / AI architecture	Parent: [[prototype-bank-tfrs9-v2]]; KEY FINDING: bank simulation agent splits into 2 mandatory layers — deterministic computation engine (6-phase) + LLM orchestration (LLM must NOT perform in-context arithmetic); MIT thesis Sert 2025 + neuro-symbolic arxiv 2603.04663 confirm this architecture; FAITH (arxiv 2508.05201) benchmarks tabular hallucination — no TFRS9-identity-specific benchmark yet (empirical gap); Supervisory Digital Twin Framework = central banks building AI replicas of systemic FIs inside supervisory systems (regulatory deployment path for this vault's BOT/DPA context); 72% banks unprepared for AI failure (June 2026 survey); kill-switch gap growing; ⚠️ contested: LLM-native vs tool-calling for financial arithmetic (neuro-symbolic vs. chain-of-thought camps); 3 new queue entries: LLM Tool-calling layer (Score 12), Hallucination Guardrails (Score 11), Supervisory Digital Twin Framework (Score 11)
